{"cameraMode":{"drawMode":0,"name":"Shaded","section":"Shading Mode"},"sceneLighting":true,"audioPlay":false,"sceneViewState":{"m_AlwaysRefresh":false,"showFog":true,"showSkybox":true,"showFlares":true,"showImageEffects":true,"showParticleSystems":true,"showVisualEffectGraphs":true,"m_FxEnabled":true},"in2DMode":false,"pivot":{"x":-1.7169020175933838,"y":5.882565975189209,"z":2.8717970848083498},"rotation":{"x":0.4557405710220337,"y":0.08389043807983399,"z":-0.04319651052355766,"w":0.8850933313369751},"size":6.795350074768066,"orthographic":true}