{"cameraMode":{"drawMode":0,"name":"Shaded","section":"Shading Mode"},"sceneLighting":true,"audioPlay":false,"sceneViewState":{"m_AlwaysRefresh":false,"showFog":true,"showSkybox":true,"showFlares":true,"showImageEffects":true,"showParticleSystems":true,"showVisualEffectGraphs":true,"m_FxEnabled":true},"in2DMode":false,"pivot":{"x":-2.7128679752349855,"y":3.733922243118286,"z":9.618234634399414},"rotation":{"x":0.044982198625802997,"y":-0.011987302452325821,"z":0.0005403145914897323,"w":0.9989215731620789},"size":0.49409300088882449,"orthographic":true}