{"cameraMode":{"drawMode":0,"name":"Shaded","section":"Shading Mode"},"sceneLighting":true,"audioPlay":false,"sceneViewState":{"m_AlwaysRefresh":false,"showFog":true,"showSkybox":true,"showFlares":true,"showImageEffects":true,"showParticleSystems":true,"showVisualEffectGraphs":true,"m_FxEnabled":true},"in2DMode":false,"pivot":{"x":0.5847956538200378,"y":3.057051420211792,"z":9.267812728881836},"rotation":{"x":0.30541279911994936,"y":0.02713226154446602,"z":-0.008708084002137185,"w":0.9517956972122192},"size":3.737931966781616,"orthographic":true}