{"cameraMode":{"drawMode":0,"name":"Shaded","section":"Shading Mode"},"sceneLighting":true,"audioPlay":false,"sceneViewState":{"m_AlwaysRefresh":false,"showFog":true,"showSkybox":true,"showFlares":true,"showImageEffects":true,"showParticleSystems":true,"showVisualEffectGraphs":true,"m_FxEnabled":true},"in2DMode":false,"pivot":{"x":-1.7169020175933838,"y":5.882565975189209,"z":2.8717970848083498},"rotation":{"x":0.4483032524585724,"y":0.3256113827228546,"z":-0.17957790195941926,"w":0.8128650188446045},"size":12.042693138122559,"orthographic":true}