{"cameraMode":{"drawMode":0,"name":"Shaded","section":"Shading Mode"},"sceneLighting":true,"audioPlay":false,"sceneViewState":{"m_AlwaysRefresh":false,"showFog":true,"showSkybox":true,"showFlares":true,"showImageEffects":true,"showParticleSystems":true,"showVisualEffectGraphs":true,"m_FxEnabled":true},"in2DMode":false,"pivot":{"x":3.008624315261841,"y":8.97885513305664,"z":-1.3253943920135499},"rotation":{"x":0.21578551828861237,"y":-0.005858577322214842,"z":0.0012947358191013337,"w":0.9764233231544495},"size":1.8553181886672974,"orthographic":true}